sample_code,site_code,collection_date,e_coli,total_coliforms,large_wells,small_wells,fluorescence_large,fluorescence_small,data_conditions
APL1_2025-05-18,APL1,2025-05-18,29.9,1553.1,49,44,23,0,nan
AWL1_2025-05-18,AWL1,2025-05-18,478.6,,49,48,48,32,nan
AX1_2025-05-18,AX1,2025-05-18,114.5,,49,48,43,9,nan
AX2_2025-05-18,AX2,2025-05-18,123.6,,49,48,45,7,nan
BB1_2025-05-18,BB1,2025-05-18,90.9,,49,48,39,9,nan
BD1a_2025-05-18,BD1a,2025-05-18,298.7,,49,48,48,22,nan
BLDL1_2025-05-18,BLDL1,2025-05-18,410.6,,49,48,49,23,nan
BRL1_2025-05-18,BRL1,2025-05-18,59.4,,49,48,34,3,nan
CB2_2025-05-18,CB2,2025-05-18,129.1,,49,48,46,6,nan
CB3_2025-05-18,CB3,2025-05-18,74.8,,49,48,34,11,nan
CL2_2025-05-18,CL2,2025-05-18,139.6,2419.6,49,47,45,11,nan
CL4_2025-05-18,CL4,2025-05-18,166.4,,49,48,47,11,nan
CL5_2025-05-18,CL5,2025-05-18,93.4,,49,48,39,10,nan
CTL1_2025-05-18,CTL1,2025-05-18,69.5,,49,48,33,10,nan
CVL1_2025-05-18,CVL1,2025-05-18,96.0,,49,48,42,5,nan
DB1_2025-05-18,DB1,2025-05-18,1203.3,,49,48,49,41,nan
DE1_2025-05-18,DE1,2025-05-18,275.5,,49,48,49,16,nan
ETL1_2025-05-18,ETL1,2025-05-18,83.6,,49,48,39,6,nan
GMP1_2025-05-18,GMP1,2025-05-18,209.8,,49,48,48,14,nan
HA1_2025-05-18,HA1,2025-05-18,524.7,1011.2,48,48,48,34,g
HB3_2025-05-18,HB3,2025-05-18,150.0,,49,48,47,8,nan
HL2_2025-05-18,HL2,2025-05-18,135.4,,49,48,45,10,nan
HO1_2025-05-18,HO1,2025-05-18,137.9,,49,48,48,3,nan
MB3_2025-05-18,MB3,2025-05-18,113.7,,49,48,42,11,nan
MR3_2025-05-18,MR3,2025-05-18,435.2,,49,48,49,24,nan
MR4_2025-05-18,MR4,2025-05-18,770.1,,49,48,49,34,nan
PMRL1_2025-05-18,PMRL1,2025-05-18,231.0,,49,48,47,20,nan
PNVL1_2025-05-18,PNVL1,2025-05-18,30.5,2419.6,49,47,21,3,nan
PP1_2025-05-18,PP1,2025-05-18,90.6,,49,48,41,5,nan
PRP1_2025-05-18,PRP1,2025-05-18,21.8,,49,48,18,0,nan
RK1_2025-05-18,RK1,2025-05-18,261.3,,49,48,49,15,nan
RO1a_2025-05-18,RO1a,2025-05-18,191.8,,49,48,47,15,g
ROL1_2025-05-18,ROL1,2025-05-18,45.0,,49,48,27,5,nan
SB9_2025-05-18,SB9,2025-05-18,111.9,,49,48,44,6,nan
SPBP1_2025-05-18,SPBP1,2025-05-18,71.9,,49,48,32,13,nan
SPBP2_2025-05-18,SPBP2,2025-05-18,307.6,,49,48,49,18,nan
SYL1_2025-05-18,SYL1,2025-05-18,866.4,,49,48,49,36,nan
SYNL1_2025-05-18,SYNL1,2025-05-18,727.0,,49,48,49,33,nan
ABM4_2025-05-25,ABM4,2025-05-25,191.8,,49,48,47,15,nan
APL1_2025-05-25,APL1,2025-05-25,29.2,,49,48,21,2,nan
AWL1_2025-05-25,AWL1,2025-05-25,2419.6,,49,48,49,48,nan
AX1_2025-05-25,AX1,2025-05-25,50.4,,49,48,30,4,nan
AX2_2025-05-25,AX2,2025-05-25,88.0,,49,48,41,4,nan
BB1_2025-05-25,BB1,2025-05-25,127.4,,49,48,45,8,nan
BD1a_2025-05-25,BD1a,2025-05-25,145.5,,49,48,44,15,nan
BLDL1_2025-05-25,BLDL1,2025-05-25,19.9,,49,48,15,2,nan
BRL1_2025-05-25,BRL1,2025-05-25,81.3,,49,48,39,5,nan
CB2_2025-05-25,CB2,2025-05-25,104.3,,49,48,41,10,nan
CB3_2025-05-25,CB3,2025-05-25,113.0,,49,48,41,13,nan
CL2_2025-05-25,CL2,2025-05-25,613.1,,49,48,49,30,nan
CL4_2025-05-25,CL4,2025-05-25,261.3,,49,48,49,15,nan
CL5_2025-05-25,CL5,2025-05-25,365.4,,49,48,49,21,nan
CTL1_2025-05-25,CTL1,2025-05-25,59.1,,49,48,32,6,nan
CVL1_2025-05-25,CVL1,2025-05-25,65.7,,49,48,33,8,nan
DB1_2025-05-25,DB1,2025-05-25,115.3,,49,48,44,7,nan
DE1_2025-05-25,DE1,2025-05-25,161.6,,49,48,46,13,nan
ETL1_2025-05-25,ETL1,2025-05-25,193.5,,49,48,48,12,nan
GMP1_2025-05-25,GMP1,2025-05-25,39.7,,49,48,23,7,nan
GRPL1_2025-05-25,GRPL1,2025-05-25,2419.6,,49,48,49,48,nan
HA1_2025-05-25,HA1,2025-05-25,307.6,,49,48,49,18,nan
HB3_2025-05-25,HB3,2025-05-25,9.8,,49,48,9,0,nan
HL2_2025-05-25,HL2,2025-05-25,85.7,1986.3,49,46,40,5,j *2
HO1_2025-05-25,HO1,2025-05-25,85.7,1011.2,48,48,40,5,g
MB3_2025-05-25,MB3,2025-05-25,107.1,,49,48,41,11,nan
MDWL1_2025-05-25,MDWL1,2025-05-25,90.8,,49,48,40,7,nan
MR3_2025-05-25,MR3,2025-05-25,113.0,,49,48,41,13,nan
MR4_2025-05-25,MR4,2025-05-25,204.6,,49,48,49,10,nan
PL1_2025-05-25,PL1,2025-05-25,155.3,2419.6,49,47,47,9,nan
PMRL1_2025-05-25,PMRL1,2025-05-25,50.4,,49,48,30,4,nan
PNVL1_2025-05-25,PNVL1,2025-05-25,9.6,1046.2,49,39,7,2,nan
PP1_2025-05-25,PP1,2025-05-25,152.9,1011.2,48,48,45,14,g
PRP1_2025-05-25,PRP1,2025-05-25,275.5,,49,48,49,16,nan
RBA_2025-05-25,RBA,2025-05-25,22.3,2419.6,49,47,10,10,nan
RK1_2025-05-25,RK1,2025-05-25,137.6,,49,48,46,8,nan
ROL1_2025-05-25,ROL1,2025-05-25,34.1,755.6,48,42,23,3,g
SB9_2025-05-25,SB9,2025-05-25,178.9,,49,48,48,10,nan
SYL1_2025-05-25,SYL1,2025-05-25,21.1,,49,48,15,3,nan
SYNL1_2025-05-25,SYNL1,2025-05-25,272.3,2419.6,49,47,48,20,j
ABM4_2025-06-01,ABM4,2025-06-01,2419.6,,49,48,49,48,nan
AC4_2025-06-01,AC4,2025-06-01,648.8,,49,48,49,31,nan
APL1_2025-06-01,APL1,2025-06-01,16.0,488.4,49,26,13,1,nan
AWL1_2025-06-01,AWL1,2025-06-01,2419.6,,49,48,49,48,nan
AX1_2025-06-01,AX1,2025-06-01,920.8,,49,48,49,37,nan
AX2_2025-06-01,AX2,2025-06-01,870.4,1011.2,48,48,48,45,g
BB1_2025-06-01,BB1,2025-06-01,1732.9,,49,48,49,45,nan
BD1a_2025-06-01,BD1a,2025-06-01,870.4,1011.2,48,48,48,45,g
BLDL1_2025-06-01,BLDL1,2025-06-01,1986.3,,49,48,49,46,nan
BRL1_2025-06-01,BRL1,2025-06-01,579.4,,49,48,49,29,nan
CB2_2025-06-01,CB2,2025-06-01,238.2,,49,48,48,17,nan
CB3_2025-06-01,CB3,2025-06-01,135.4,1011.2,48,48,45,10,g
CL4_2025-06-01,CL4,2025-06-01,1011.2,1011.2,48,48,48,48,g
CL5_2025-06-01,CL5,2025-06-01,2419.6,,49,48,49,47,nan
CTL1_2025-06-01,CTL1,2025-06-01,2419.6,,49,48,49,48,nan
CVL1_2025-06-01,CVL1,2025-06-01,770.1,,49,48,49,34,nan
DE1_2025-06-01,DE1,2025-06-01,2419.6,,49,48,49,48,nan
ETL1_2025-06-01,ETL1,2025-06-01,185.0,,49,48,47,14,nan
GMP1_2025-06-01,GMP1,2025-06-01,1553.1,,49,48,49,44,nan
GRPL1_2025-06-01,GRPL1,2025-06-01,2419.6,,49,48,49,48,nan
HA1_2025-06-01,HA1,2025-06-01,1119.9,,49,48,49,40,nan
HB3_2025-06-01,HB3,2025-06-01,2419.6,,49,48,49,48,nan
HL2_2025-06-01,HL2,2025-06-01,2419.6,,49,48,49,47,nan
HO1_2025-06-01,HO1,2025-06-01,2419.6,,49,48,49,48,nan
MB3_2025-06-01,MB3,2025-06-01,1732.9,,49,48,49,45,nan
MDWL1_2025-06-01,MDWL1,2025-06-01,84.2,,49,48,29,25,nan
MR3_2025-06-01,MR3,2025-06-01,1986.3,,49,48,49,46,nan
MR4_2025-06-01,MR4,2025-06-01,2419.6,,49,48,49,48,nan
MRCL1_2025-06-01,MRCL1,2025-06-01,316.9,533.5,46,48,47,28,g
PL1_2025-06-01,PL1,2025-06-01,378.4,1011.2,48,48,48,27,nan
PMRL1_2025-06-01,PMRL1,2025-06-01,2419.6,,49,48,49,47,nan
PNVL1_2025-06-01,PNVL1,2025-06-01,13.4,,49,48,11,1,nan
PP1_2025-06-01,PP1,2025-06-01,2419.6,,49,48,49,47,nan
RBA_2025-06-01,RBA,2025-06-01,235.9,,49,48,49,13,nan
RK1_2025-06-01,RK1,2025-06-01,547.5,,49,48,49,28,nan
RO1a_2025-06-01,RO1a,2025-06-01,2419.6,,49,48,49,48,nan
ROL1_2025-06-01,ROL1,2025-06-01,2419.6,,49,48,49,48,nan
SB9_2025-06-01,SB9,2025-06-01,2419.6,,49,48,49,48,nan
SPBP1_2025-06-01,SPBP1,2025-06-01,1553.1,,49,48,49,44,nan
SPBP2_2025-06-01,SPBP2,2025-06-01,2419.6,,49,48,49,48,nan
SYL1_2025-06-01,SYL1,2025-06-01,435.2,,49,48,49,24,nan
SYNL1_2025-06-01,SYNL1,2025-06-01,2419.6,,49,48,49,48,nan
ABM4_2025-06-08,ABM4,2025-06-08,435.2,,49,48,49,24,nan
AC4_2025-06-08,AC4,2025-06-08,214.3,,49,48,49,11,b
APL1_2025-06-08,APL1,2025-06-08,51.2,1732.9,49,45,31,3,nan
AWL1_2025-06-08,AWL1,2025-06-08,2419.6,,49,48,49,48,b
AX1_2025-06-08,AX1,2025-06-08,88.4,1011.2,48,48,39,8,g
AX2_2025-06-08,AX2,2025-06-08,157.6,,49,48,45,15,b
BB1_2025-06-08,BB1,2025-06-08,45.7,,49,48,28,4,nan
BD1a_2025-06-08,BD1a,2025-06-08,83.6,,49,48,39,6,nan
BLDL1_2025-06-08,BLDL1,2025-06-08,106.7,,49,48,40,13,nan
BRL1_2025-06-08,BRL1,2025-06-08,20.3,,49,48,17,0,nan
CB2_2025-06-08,CB2,2025-06-08,24.3,,49,48,18,2,nan
CB3_2025-06-08,CB3,2025-06-08,33.1,,49,48,24,1,nan
CL2_2025-06-08,CL2,2025-06-08,129.1,,49,48,46,6,nan
CL4_2025-06-08,CL4,2025-06-08,235.9,2419.6,49,47,49,13,x: did not remove water on accident so more than 100 ml
CL5_2025-06-08,CL5,2025-06-08,2419.6,,49,48,49,48,b
COL1_2025-06-08,COL1,2025-06-08,67.0,,49,48,34,7,nan
CTL1_2025-06-08,CTL1,2025-06-08,11.0,,49,48,10,0,nan
CVL1_2025-06-08,CVL1,2025-06-08,26.9,1011.2,48,48,18,4,"b, g"
DB1_2025-06-08,DB1,2025-06-08,143.9,,49,48,45,12,b
DE1_2025-06-08,DE1,2025-06-08,224.7,,49,48,49,12,nan
ETL1_2025-06-08,ETL1,2025-06-08,10.8,,49,48,8,2,nan
GMP1_2025-06-08,GMP1,2025-06-08,47.3,,49,48,28,5,b
GRPL1_2025-06-08,GRPL1,2025-06-08,435.2,,49,48,49,24,nan
HA1_2025-06-08,HA1,2025-06-08,83.9,,49,48,38,8,nan
HB3_2025-06-08,HB3,2025-06-08,61.3,,49,48,34,4,nan
HL2_2025-06-08,HL2,2025-06-08,1046.2,,49,48,49,39,b
HO1_2025-06-08,HO1,2025-06-08,261.3,,49,48,49,15,b
HO2_2025-06-08,HO2,2025-06-08,56.1,,49,48,29,9,nan
HO3_2025-06-08,HO3,2025-06-08,198.9,,49,48,47,16,nan
HO3a_2025-06-08,HO3a,2025-06-08,88.8,1011.2,48,48,37,12,g
MB3_2025-06-08,MB3,2025-06-08,63.8,,49,48,33,7,nan
MDWL1_2025-06-08,MDWL1,2025-06-08,145.0,,49,48,47,7,b
MR3_2025-06-08,MR3,2025-06-08,152.9,,49,48,45,14,nan
MR4_2025-06-08,MR4,2025-06-08,648.8,,49,48,49,31,nan
MRCL1_2025-06-08,MRCL1,2025-06-08,292.4,,49,48,47,26,nan
PL1_2025-06-08,PL1,2025-06-08,71.2,,49,48,37,4,nan
PMRL1_2025-06-08,PMRL1,2025-06-08,27.2,1732.9,49,45,19,3,nan
PNVL1_2025-06-08,PNVL1,2025-06-08,5.2,648.8,49,31,5,0,b
PP1_2025-06-08,PP1,2025-06-08,166.4,,49,48,47,11,nan
PRP1_2025-06-08,PRP1,2025-06-08,238.2,1011.2,48,48,48,17,"b, g"
RBA_2025-06-08,RBA,2025-06-08,76.7,,49,48,39,3,nan
RK1_2025-06-08,RK1,2025-06-08,79.4,2419.6,49,47,38,6,nan
RO1a_2025-06-08,RO1a,2025-06-08,228.2,,49,48,48,16,nan
ROL1_2025-06-08,ROL1,2025-06-08,6.3,1203.3,49,41,6,0,nan
SB2_2025-06-08,SB2,2025-06-08,63.7,,49,48,36,2,nan
SB9_2025-06-08,SB9,2025-06-08,88.2,,49,48,40,6,nan
SPBP1_2025-06-08,SPBP1,2025-06-08,11.9,,49,48,8,3,nan
SPBP2_2025-06-08,SPBP2,2025-06-08,18.5,,49,48,14,2,nan
SYL1_2025-06-08,SYL1,2025-06-08,107.1,,49,48,41,11,b
SYNL1_2025-06-08,SYNL1,2025-06-08,435.2,,49,48,49,24,nan
WP1_2025-06-08,WP1,2025-06-08,7.4,,49,48,6,1,nan
WP2_2025-06-08,WP2,2025-06-08,8.5,1011.2,48,48,7,1,g
WP3_2025-06-08,WP3,2025-06-08,9.7,,49,48,8,1,nan
WP4_2025-06-08,WP4,2025-06-08,4.1,,49,48,2,2,nan
HO2_2025-06-11,HO2,2025-06-11,84.5,691.0,47,48,36,12,2 g
HO3_2025-06-11,HO3,2025-06-11,770.1,,49,48,49,34,nan
HO3a_2025-06-11,HO3a,2025-06-11,235.9,,49,48,49,13,nan
WP1_2025-06-11,WP1,2025-06-11,29.4,1011.2,48,48,18,6,g
WP2_2025-06-11,WP2,2025-06-11,35.5,,49,48,23,4,nan
WP3_2025-06-11,WP3,2025-06-11,6.3,2419.6,49,47,6,0,nan
WP4_2025-06-11,WP4,2025-06-11,32.0,,49,48,18,8,nan
ABM4_2025-06-15,ABM4,2025-06-15,185.0,,49,48,47,14,nan
AC4_2025-06-15,AC4,2025-06-15,1986.3,,49,48,49,46,b
APL1_2025-06-15,APL1,2025-06-15,74.3,,49,48,35,9,nan
AX1_2025-06-15,AX1,2025-06-15,1203.3,,49,48,49,41,b
AX2_2025-06-15,AX2,2025-06-15,1299.7,,49,48,49,42,nan
BB1_2025-06-15,BB1,2025-06-15,1732.9,,49,48,49,45,nan
BD1a_2025-06-15,BD1a,2025-06-15,1011.2,1011.2,48,48,48,48,"g, <100 mL"
BRDL1_2025-06-15,BRDL1,2025-06-15,980.4,,49,48,49,38,b
BRL1_2025-06-15,BRL1,2025-06-15,73.8,,49,48,32,14,nan
CB2_2025-06-15,CB2,2025-06-15,124.6,,49,48,43,12,nan
CB3_2025-06-15,CB3,2025-06-15,727.0,,49,48,49,33,nan
CL2_2025-06-15,CL2,2025-06-15,2419.6,,49,48,49,47,nan
CL4_2025-06-15,CL4,2025-06-15,1986.3,,49,48,49,46,nan
CL5_2025-06-15,CL5,2025-06-15,39.7,,49,48,23,7,nan
COL1_2025-06-15,COL1,2025-06-15,616.7,691.0,47,48,47,45,"2g, b, <100 mL"
CTL1_2025-06-15,CTL1,2025-06-15,88.4,,49,48,39,8,nan
CVL1_2025-06-15,CVL1,2025-06-15,259.5,,49,48,47,23,nan
DB1_2025-06-15,DB1,2025-06-15,1986.3,,49,48,49,46,<100 mL
DE1_2025-06-15,DE1,2025-06-15,517.2,,49,48,49,27,b
ETL1_2025-06-15,ETL1,2025-06-15,131.7,,49,48,43,14,nan
GMP1_2025-06-15,GMP1,2025-06-15,1046.2,,49,48,49,39,"b, <100 mL"
GRPL1_2025-06-15,GRPL1,2025-06-15,35.0,,49,48,25,1,nan
HA1_2025-06-15,HA1,2025-06-15,292.4,1011.2,48,48,47,26,g
HB3_2025-06-15,HB3,2025-06-15,1732.9,,49,48,49,45,nan
HL2_2025-06-15,HL2,2025-06-15,816.4,,49,48,49,35,b
HO1_2025-06-15,HO1,2025-06-15,2419.6,2419.6,49,47,49,47,j
HO2_2025-06-15,HO2,2025-06-15,2419.6,2419.6,49,47,49,48,nan
HO3_2025-06-15,HO3,2025-06-15,2419.6,,49,48,49,48,nan
HO3a_2025-06-15,HO3a,2025-06-15,1413.6,,49,48,49,43,nan
MB3_2025-06-15,MB3,2025-06-15,2419.6,,49,48,49,47,nan
MDWL1_2025-06-15,MDWL1,2025-06-15,1299.7,,49,48,49,42,nan
MR3_2025-06-15,MR3,2025-06-15,1553.1,,49,48,49,44,nan
MR4_2025-06-15,MR4,2025-06-15,1986.3,,49,48,49,46,nan
MRCL1_2025-06-15,MRCL1,2025-06-15,387.3,,49,48,49,22,b
PL1_2025-06-15,PL1,2025-06-15,461.1,,49,48,49,25,nan
PMRL1_2025-06-15,PMRL1,2025-06-15,1732.9,,49,48,49,45,nan
PNVL1_2025-06-15,PNVL1,2025-06-15,20.1,,49,48,16,1,nan
PP1_2025-06-15,PP1,2025-06-15,1046.2,,49,48,49,39,nan
PRP1_2025-06-15,PRP1,2025-06-15,35.5,1119.9,49,40,23,4,nan
RBA_2025-06-15,RBA,2025-06-15,488.4,,49,48,49,26,nan
RK1_2025-06-15,RK1,2025-06-15,142.1,,49,48,46,9,c
RO1a_2025-06-15,RO1a,2025-06-15,529.8,691.0,47,48,47,41,c
SB1_2025-06-15,SB1,2025-06-15,2419.6,,49,48,49,48,c
SB9_2025-06-15,SB9,2025-06-15,2419.6,,49,48,49,48,c
SPBP1_2025-06-15,SPBP1,2025-06-15,10.9,,49,48,9,1,c
SPBP2_2025-06-15,SPBP2,2025-06-15,139.6,,49,48,45,11,c
SYL1_2025-06-15,SYL1,2025-06-15,517.2,,49,48,49,27,c
SYNL1_2025-06-15,SYNL1,2025-06-15,2419.6,,49,48,49,47,c
WP1_2025-06-15,WP1,2025-06-15,2419.6,,49,48,49,47,c
WP2_2025-06-15,WP2,2025-06-15,2419.6,,49,48,49,48,c
WP3_2025-06-15,WP3,2025-06-15,1986.3,,49,48,49,46,c
WP4_2025-06-15,WP4,2025-06-15,2419.6,,49,48,49,48,c
HO2_2025-06-18,HO2,2025-06-18,121.1,,49,48,43,11,nan
HO3_2025-06-18,HO3,2025-06-18,579.4,,49,48,49,29,nan
HO3a_2025-06-18,HO3a,2025-06-18,165.8,2419.6,49,47,48,8,b
WP1_2025-06-18,WP1,2025-06-18,325.5,,49,48,49,19,nan
WP2_2025-06-18,WP2,2025-06-18,39.9,,49,48,26,3,nan
WP4_2025-06-18,WP4,2025-06-18,29.5,,49,48,22,1,nan
ABM4_2025-06-22,ABM4,2025-06-22,40.8,,49,48,25,5,nan
AC4_2025-06-22,AC4,2025-06-22,214.2,1011.2,48,48,47,18,nan
AC5_2025-06-22,AC5,2025-06-22,2419.6,,49,48,49,48,nan
ATL1_2025-06-22,ATL1,2025-06-22,23.8,,49,48,16,4,nan
AX1_2025-06-22,AX1,2025-06-22,78.0,,49,48,36,9,nan
AX2_2025-06-22,AX2,2025-06-22,86.2,,49,48,38,9,nan
BB1_2025-06-22,BB1,2025-06-22,2419.6,,49,48,49,48,nan
BD1a_2025-06-22,BD1a,2025-06-22,86.7,533.5,46,48,36,13,nan
BD4_2025-06-22,BD4,2025-06-22,209.8,,49,48,48,14,nan
BD5_2025-06-22,BD5,2025-06-22,2419.6,,49,48,49,48,nan
BLDL1_2025-06-22,BLDL1,2025-06-22,325.5,,49,48,49,19,nan
BRL1_2025-06-22,BRL1,2025-06-22,6.1,2419.6,49,47,3,3,nan
CB2_2025-06-22,CB2,2025-06-22,83.6,,49,48,39,6,nan
CB3_2025-06-22,CB3,2025-06-22,2419.6,,49,48,49,48,nan
CL2_2025-06-22,CL2,2025-06-22,98.8,,49,48,42,6,nan
CL4_2025-06-22,CL4,2025-06-22,51.2,,49,48,27,9,nan
CL5_2025-06-22,CL5,2025-06-22,78.9,1011.2,48,48,39,4,g
DB1_2025-06-22,DB1,2025-06-22,107.1,,49,48,41,11,nan
DB2_2025-06-22,DB2,2025-06-22,658.6,,49,48,48,39,nan
DE1_2025-06-22,DE1,2025-06-22,121.1,,49,48,43,11,nan
ETL1_2025-06-22,ETL1,2025-06-22,152.9,,49,48,45,14,nan
GMP1_2025-06-22,GMP1,2025-06-22,1046.2,,49,48,49,39,nan
GRPL1_2025-06-22,GRPL1,2025-06-22,260.3,,49,48,48,19,nan
HA1_2025-06-22,HA1,2025-06-22,1413.6,,49,48,49,43,nan
HB3_2025-06-22,HB3,2025-06-22,129.6,,49,48,44,11,nan
HL2_2025-06-22,HL2,2025-06-22,25.6,,49,48,18,3,nan
HO2_2025-06-22,HO2,2025-06-22,115.3,,49,48,40,16,nan
LSC1_2025-06-22,LSC1,2025-06-22,488.4,,49,48,49,26,nan
MB3_2025-06-22,MB3,2025-06-22,52.8,,49,48,29,7,nan
MDWL1_2025-06-22,MDWL1,2025-06-22,52.0,,49,48,30,5,nan
MR1_2025-06-22,MR1,2025-06-22,2419.6,,49,48,49,48,nan
MR4_2025-06-22,MR4,2025-06-22,110.0,1011.2,48,48,41,12,nan
MRC_2025-06-22,MRC,2025-06-22,1203.3,,49,48,49,41,nan
PL1_2025-06-22,PL1,2025-06-22,55.4,1011.2,48,48,30,7,nan
PMRL1_2025-06-22,PMRL1,2025-06-22,29.2,1413.6,49,43,21,2,nan
PP1_2025-06-22,PP1,2025-06-22,290.9,,49,48,49,17,nan
PRP1_2025-06-22,PRP1,2025-06-22,8.4,691.0,47,48,5,3,nan
RB1_2025-06-22,RB1,2025-06-22,1413.6,,49,48,49,43,nan
RBA_2025-06-22,RBA,2025-06-22,111.2,1011.2,48,48,43,8,nan
SB2_2025-06-22,SB2,2025-06-22,30.7,,49,48,18,7,nan
SB5_2025-06-22,SB5,2025-06-22,148.3,,49,48,45,13,nan
SBA_2025-06-22,SBA,2025-06-22,67.7,,49,48,36,4,nan
SYNL1_2025-06-22,SYNL1,2025-06-22,184.2,,49,48,46,17,nan
WP2_2025-06-22,WP2,2025-06-22,19.9,,49,48,15,2,nan
WP4_2025-06-22,WP4,2025-06-22,3.1,,49,48,3,0,nan
AC1_2025-06-29,AC1,2025-06-29,648.8,,49,48,49,31,b
AC2_2025-06-29,AC2,2025-06-29,2419.6,,49,48,49,48,b
AC3_2025-06-29,AC3,2025-06-29,1046.2,,49,48,49,39,nan
AC4_2025-06-29,AC4,2025-06-29,178.2,,49,48,46,16,b
AC5_2025-06-29,AC5,2025-06-29,1046.2,,49,48,49,39,b
APL1_2025-06-29,APL1,2025-06-29,23.3,1986.3,49,46,1,0,b
ATL1_2025-06-29,ATL1,2025-06-29,21.3,1011.2,48,48,19,2,g
AX1_2025-06-29,AX1,2025-06-29,101.4,960.6,48,47,16,9,"b,g"
AX2_2025-06-29,AX2,2025-06-29,56.1,,49,48,41,9,b
BB1_2025-06-29,BB1,2025-06-29,142.1,,49,48,29,9,nan
BB2_2025-06-29,BB2,2025-06-29,328.2,1011.2,48,48,46,24,g
BD1a_2025-06-29,BD1a,2025-06-29,51.2,,49,48,48,12,nan
BD4_2025-06-29,BD4,2025-06-29,179.3,,49,48,25,7,b
BD5_2025-06-29,BD5,2025-06-29,49.5,,49,48,49,48,b
BRL1_2025-06-29,BRL1,2025-06-29,,,49,48,0,0,b
CB2_2025-06-29,CB2,2025-06-29,21.6,,49,48,0,1,nan
CB3_2025-06-29,CB3,2025-06-29,20.3,1011.2,48,48,17,0,G
CL2_2025-06-29,CL2,2025-06-29,37.3,1011.2,48,48,24,4,"b, g"
CL4_2025-06-29,CL4,2025-06-29,24.6,,49,48,19,1,nan
CL5_2025-06-29,CL5,2025-06-29,3.0,1011.2,48,48,2,1,g
COL1_2025-06-29,COL1,2025-06-29,14.5,,49,48,11,2,nan
CTL1_2025-06-29,CTL1,2025-06-29,16.9,,49,48,12,3,B
CVL1_2025-06-29,CVL1,2025-06-29,35.9,,49,48,24,3,B
DB1_2025-06-29,DB1,2025-06-29,137.6,,49,48,46,8,B
DB2_2025-06-29,DB2,2025-06-29,146.7,,49,48,46,10,nan
DE1_2025-06-29,DE1,2025-06-29,2419.6,,49,48,49,48,B
ETL1_2025-06-29,ETL1,2025-06-29,178.0,,49,48,45,19,nan
FC1_2025-06-29,FC1,2025-06-29,147.0,,49,48,43,18,nan
GMP1_2025-06-29,GMP1,2025-06-29,396.8,1011.2,48,48,48,28,"B,G"
GRPL1_2025-06-29,GRPL1,2025-06-29,7.5,360.9,48,26,7,0,"B,G"
HA1_2025-06-29,HA1,2025-06-29,62.4,1011.2,48,48,35,3,G
HB3_2025-06-29,HB3,2025-06-29,48.1,,49,48,27,7,nan
HL2_2025-06-29,HL2,2025-06-29,1.0,,49,48,1,0,b
HO1_2025-06-29,HO1,2025-06-29,190.4,1011.2,48,48,46,18,G
HO2_2025-06-29,HO2,2025-06-29,218.7,,49,48,48,15,nan
HO3_2025-06-29,HO3,2025-06-29,2419.6,,49,48,49,47,nan
JC5_2025-06-29,JC5,2025-06-29,547.5,,49,48,49,28,nan
JC6_2025-06-29,JC6,2025-06-29,613.1,,49,48,49,30,nan
LSC1_2025-06-29,LSC1,2025-06-29,328.2,,49,48,48,24,"B,G"
MB3_2025-06-29,MB3,2025-06-29,104.6,,49,48,42,8,B
MDWL1_2025-06-29,MDWL1,2025-06-29,9.7,308.8,46,32,8,1,g * 3
MO1_2025-06-29,MO1,2025-06-29,56.1,,49,48,29,9,b
MR1_2025-06-29,MR1,2025-06-29,103.9,,49,48,40,12,nan
MRC_2025-06-29,MRC,2025-06-29,141.4,1011.2,48,48,44,14,g
PL1_2025-06-29,PL1,2025-06-29,17.9,1011.2,48,48,11,5,"b, g"
PMRL1_2025-06-29,PMRL1,2025-06-29,193.5,816.4,49,35,48,12,nan
PRP1_2025-06-29,PRP1,2025-06-29,32.7,,49,48,23,2,nan
RB1_2025-06-29,RB1,2025-06-29,365.4,,49,48,49,21,nan
RBA_2025-06-29,RBA,2025-06-29,83.6,,49,48,39,6,nan
ROL1_2025-06-29,ROL1,2025-06-29,15.8,,49,48,12,2,b
SB2_2025-06-29,SB2,2025-06-29,40.2,1011.2,48,48,24,6,"b, g"
SB5_2025-06-29,SB5,2025-06-29,57.6,1011.2,48,48,27,13,"b, g"
SBA_2025-06-29,SBA,2025-06-29,71.9,,49,48,32,13,nan
SC6_2025-06-29,SC6,2025-06-29,365.4,,49,48,49,21,nan
SW1_2025-06-29,SW1,2025-06-29,104.3,1011.2,48,48,41,10,g
SYL1_2025-06-29,SYL1,2025-06-29,40.2,,49,48,24,6,nan
SYNL1_2025-06-29,SYNL1,2025-06-29,150.0,372.4,44,48,47,8,"b, g * 5"
WP1_2025-06-29,WP1,2025-06-29,22.8,,49,48,17,2,b
WP2_2025-06-29,WP2,2025-06-29,2.0,372.4,44,48,2,0,g * 5
WP3_2025-06-29,WP3,2025-06-29,1.0,,49,48,1,0,nan
WP4_2025-06-29,WP4,2025-06-29,1.0,,49,48,0,1,nan
HO2_2025-07-02,HO2,2025-07-02,75.2,1011.2,48,48,33,13,g
HO3_2025-07-02,HO3,2025-07-02,689.3,1011.2,48,48,48,40,g
HO3a_2025-07-02,HO3a,2025-07-02,2419.6,,49,48,49,48,nan
WP1_2025-07-02,WP1,2025-07-02,47.3,,49,48,28,5,nan
WP2_2025-07-02,WP2,2025-07-02,8.5,,49,48,7,1,nan
WP3_2025-07-02,WP3,2025-07-02,3.0,,49,48,1,2,nan
WP4_2025-07-02,WP4,2025-07-02,12.0,,49,48,9,2,nan
ABM4_2025-07-06,ABM4,2025-07-06,67.0,,49,48,34,7,nan
AC1_2025-07-06,AC1,2025-07-06,260.3,,49,48,48,19,nan
AC2_2025-07-06,AC2,2025-07-06,648.8,,49,48,49,31,nan
AC3_2025-07-06,AC3,2025-07-06,816.4,,49,48,49,35,nan
AC4_2025-07-06,AC4,2025-07-06,84.2,,49,48,37,10,nan
AC5_2025-07-06,AC5,2025-07-06,456.9,1011.2,48,48,48,31,g
AC6_2025-07-06,AC6,2025-07-06,190.4,,49,48,46,18,nan
APL1_2025-07-06,APL1,2025-07-06,28.7,,49,48,16,8,nan
ATL1_2025-07-06,ATL1,2025-07-06,1.0,,49,48,0,1,nan
AX1_2025-07-06,AX1,2025-07-06,10.5,,49,48,5,5,b
AX2_2025-07-06,AX2,2025-07-06,54.5,,49,48,29,8,b
BB1_2025-07-06,BB1,2025-07-06,25.3,,49,48,17,4,nan
BD1a_2025-07-06,BD1a,2025-07-06,15.3,,49,48,9,5,b
BD4_2025-07-06,BD4,2025-07-06,52.0,,49,48,28,8,nan
BD5_2025-07-06,BD5,2025-07-06,1413.6,,49,48,49,43,nan
BRL1_2025-07-06,BRL1,2025-07-06,4.1,,49,48,4,0,nan
CB2_2025-07-06,CB2,2025-07-06,29.3,,49,48,14,11,nan
CB3_2025-07-06,CB3,2025-07-06,25.6,,49,48,18,3,nan
CL2_2025-07-06,CL2,2025-07-06,38.6,,49,48,21,9,b
CL5-a_2025-07-06,CL5-a,2025-07-06,24.2,,49,48,13,8,b
CL5-b_2025-07-06,CL5-b,2025-07-06,10.5,437.4,45,48,5,5,"b, g * 4"
COL1_2025-07-06,COL1,2025-07-06,68.3,,49,48,35,6,nan
CTL1_2025-07-06,CTL1,2025-07-06,18.1,,49,48,12,4,nan
CVL1_2025-07-06,CVL1,2025-07-06,34.1,1011.2,48,48,20,7,nan
DB1_2025-07-06,DB1,2025-07-06,727.0,,49,48,49,33,nan
DE1_2025-07-06,DE1,2025-07-06,686.7,1011.2,48,48,49,32,nan
DS21-1_2025-07-06,DS21-1,2025-07-06,4.1,,49,48,4,0,nan
ETL1_2025-07-06,ETL1,2025-07-06,24.1,,49,48,17,3,nan
FC1_2025-07-06,FC1,2025-07-06,52.0,,49,48,26,11,nan
GMP1_2025-07-06,GMP1,2025-07-06,2419.6,,49,48,49,48,nan
GRPL1_2025-07-06,GRPL1,2025-07-06,72.8,960.6,48,47,34,10,nan
HA1_2025-07-06,HA1,2025-07-06,613.1,,49,48,49,30,nan
HB3_2025-07-06,HB3,2025-07-06,27.5,,49,48,16,7,nan
HL2_2025-07-06,HL2,2025-07-06,201.4,,49,48,48,13,nan
HO2_2025-07-06,HO2,2025-07-06,21.8,,49,48,13,6,nan
HO3A_2025-07-06,HO3A,2025-07-06,2419.6,,49,48,49,47,nan
HO3_2025-07-06,HO3,2025-07-06,1732.9,,49,48,49,45,nan
JC5_2025-07-06,JC5,2025-07-06,66.3,533.5,46,48,32,10,nan
JC6_2025-07-06,JC6,2025-07-06,193.5,,49,48,48,12,nan
LSC1_2025-07-06,LSC1,2025-07-06,816.4,,49,48,49,35,nan
MB3_2025-07-06,MB3,2025-07-06,59.8,,49,48,31,8,nan
MDWL1_2025-07-06,MDWL1,2025-07-06,1986.3,,49,48,49,46,nan
MO1_2025-07-06,MO1,2025-07-06,23.5,1011.2,48,48,1,22,g
MR1_2025-07-06,MR1,2025-07-06,16.0,,49,48,6,9,nan
MR4_2025-07-06,MR4,2025-07-06,19.9,1011.2,48,48,4,15,"b, g"
MRCL1_2025-07-06,MRCL1,2025-07-06,,920.8,49,37,0,0,nan
MRC_2025-07-06,MRC,2025-07-06,235.9,,49,48,49,13,nan
PL1_2025-07-06,PL1,2025-07-06,102.4,,49,48,34,24,nan
PMRL1_2025-07-06,PMRL1,2025-07-06,2.0,,49,48,1,1,nan
PP1_2025-07-06,PP1,2025-07-06,51.2,,49,48,31,3,nan
PRP1_2025-07-06,PRP1,2025-07-06,5.2,,49,48,5,0,b
RB1_2025-07-06,RB1,2025-07-06,1553.1,,49,48,49,44,nan
RBA_2025-07-06,RBA,2025-07-06,52.8,,49,48,29,7,nan
SB2_2025-07-06,SB2,2025-07-06,16.4,,49,48,9,6,b
SB5_2025-07-06,SB5,2025-07-06,74.8,,49,48,34,11,nan
SBA_2025-07-06,SBA,2025-07-06,44.3,,49,48,26,6,nan
SC6_2025-07-06,SC6,2025-07-06,163.1,,49,48,44,19,nan
SW1_2025-07-06,SW1,2025-07-06,209.8,,49,48,48,14,nan
SYL1_2025-07-06,SYL1,2025-07-06,8.6,,49,48,8,0,b
SYNL1_2025-07-06,SYNL1,2025-07-06,316.9,,49,48,47,28,b
WP1_2025-07-06,WP1,2025-07-06,9.7,,49,48,8,1,nan
WP2_2025-07-06,WP2,2025-07-06,4.1,,49,48,3,1,nan
WP3_2025-07-06,WP3,2025-07-06,7.2,,49,48,4,3,nan
WP4_2025-07-06,WP4,2025-07-06,10.6,,49,48,6,4,nan
HO2_2025-07-09,HO2,2025-07-09,517.2,,49,48,49,27,nan
HO3A_2025-07-09,HO3A,2025-07-09,2419.6,,49,48,49,48,nan
HO3_2025-07-09,HO3,2025-07-09,1299.7,,49,48,49,42,nan
WP1_2025-07-09,WP1,2025-07-09,14.6,,49,48,12,1,nan
WP2_2025-07-09,WP2,2025-07-09,19.9,,49,48,15,2,nan
WP3_2025-07-09,WP3,2025-07-09,6.3,,49,48,5,1,nan
WP4_2025-07-09,WP4,2025-07-09,7.4,,49,48,6,1,nan
ABM4_2025-07-13,ABM4,2025-07-13,344.8,,49,48,49,20,nan
AC1_2025-07-13,AC1,2025-07-13,235.9,,49,48,49,13,nan
AC2_2025-07-13,AC2,2025-07-13,1011.2,1011.2,48,48,48,48,g
AC3_2025-07-13,AC3,2025-07-13,816.4,,49,48,49,35,nan
AC4_2025-07-13,AC4,2025-07-13,231.0,,49,48,47,20,nan
AC5_2025-07-13,AC5,2025-07-13,2419.6,,49,48,49,48,nan
AC6_2025-07-13,AC6,2025-07-13,167.0,,49,48,46,14,nan
APL1_2025-07-13,APL1,2025-07-13,1.0,2419.6,49,47,1,0,nan
ATL1_2025-07-13,ATL1,2025-07-13,2.0,,49,48,2,0,nan
AX1_2025-07-13,AX1,2025-07-13,18.9,2419.6,49,47,10,7,nan
AX2_2025-07-13,AX2,2025-07-13,30.0,,49,48,16,9,nan
BB1_2025-07-13,BB1,2025-07-13,36.3,,49,48,19,10,nan
BD1a_2025-07-13,BD1a,2025-07-13,17.4,691.0,47,48,8,8,"b, 2g"
BD4_2025-07-13,BD4,2025-07-13,66.9,,49,48,31,12,nan
BD5_2025-07-13,BD5,2025-07-13,1986.3,,49,48,49,46,b
BRL1_2025-07-13,BRL1,2025-07-13,2.0,,49,48,2,0,nan
CB2_2025-07-13,CB2,2025-07-13,27.8,,49,48,17,6,nan
CB3_2025-07-13,CB3,2025-07-13,13.2,,49,48,10,2,nan
CL2_2025-07-13,CL2,2025-07-13,40.8,,49,48,25,5,nan
CL4_2025-07-13,CL4,2025-07-13,17.1,,49,48,13,2,nan
CL5_2025-07-13,CL5,2025-07-13,3.1,,49,48,3,0,nan
COL1_2025-07-13,COL1,2025-07-13,25.0,,49,48,3,21,nan
CTL1_2025-07-13,CTL1,2025-07-13,11.0,,49,48,10,0,nan
CVL1_2025-07-13,CVL1,2025-07-13,24.6,,49,48,19,1,nan
DB1_2025-07-13,DB1,2025-07-13,325.5,,49,48,49,19,nan
DE1_2025-07-13,DE1,2025-07-13,93.4,,49,48,38,12,nan
DS21-1_2025-07-13,DS21-1,2025-07-13,,,49,48,0,0,nan
ETL1_2025-07-13,ETL1,2025-07-13,2.0,,49,48,2,0,nan
FC1_2025-07-13,FC1,2025-07-13,199.3,,49,48,44,26,nan
GMP1_2025-07-13,GMP1,2025-07-13,1553.1,2419.6,49,47,49,44,nan
GRPL1_2025-07-13,GRPL1,2025-07-13,25.3,,49,48,17,4,nan
HA1_2025-07-13,HA1,2025-07-13,84.7,,49,48,35,14,nan
HB3_2025-07-13,HB3,2025-07-13,28.1,,49,48,18,5,nan
HL2_2025-07-13,HL2,2025-07-13,33.7,,49,48,19,8,nan
HO1_2025-07-13,HO1,2025-07-13,90.9,,49,48,39,9,nan
HO2_2025-07-13,HO2,2025-07-13,58.1,1011.2,48,48,31,7,nan
HO2_2025-07-13,HO2,2025-07-13,1299.7,,49,48,49,42,nan
JC5_2025-07-13,JC5,2025-07-13,98.8,,49,48,42,6,nan
JC6_2025-07-13,JC6,2025-07-13,93.4,,49,48,38,12,nan
LSC1_2025-07-13,LSC1,2025-07-13,285.1,,49,48,48,21,nan
MB3_2025-07-13,MB3,2025-07-13,74.9,,49,48,38,4,nan
MDWL1_2025-07-13,MDWL1,2025-07-13,9.4,870.4,48,45,5,4,nan
MO1_2025-07-13,MO1,2025-07-13,135.4,,49,48,41,20,nan
MR1_2025-07-13,MR1,2025-07-13,19.5,,49,48,13,4,nan
MR4_2025-07-13,MR4,2025-07-13,35.5,372.4,44,48,23,4,nan
MRCL1_2025-07-13,MRCL1,2025-07-13,1.0,365.4,49,21,0,1,nan
MRC_2025-07-13,MRC,2025-07-13,119.1,,49,48,41,15,nan
PL1_2025-07-13,PL1,2025-07-13,240.0,,49,48,47,21,nan
PMRL1_2025-07-13,PMRL1,2025-07-13,16.8,,49,48,11,4,nan
PP1_2025-07-13,PP1,2025-07-13,7.4,,49,48,6,1,nan
PRP1_2025-07-13,PRP1,2025-07-13,2419.6,,49,48,49,48,nan
RB1_2025-07-13,RB1,2025-07-13,20.4,,49,48,1,19,nan
RBA_2025-07-13,RBA,2025-07-13,41.4,,49,48,26,4,nan
RO1a_2025-07-13,RO1a,2025-07-13,126.7,,49,48,42,15,nan
ROL1_2025-07-13,ROL1,2025-07-13,8.5,1986.3,49,46,7,1,nan
SB2_2025-07-13,SB2,2025-07-13,19.1,,49,48,11,6,nan
SB5_2025-07-13,SB5,2025-07-13,6.2,,49,48,4,2,nan
SB9_2025-07-13,SB9,2025-07-13,60.9,2419.6,49,47,32,7,nan
SBA_2025-07-13,SBA,2025-07-13,31.8,,49,48,21,4,nan
SC6_2025-07-13,SC6,2025-07-13,193.5,,49,48,48,12,nan
SPBP1_2025-07-13,SPBP1,2025-07-13,3.0,,49,48,2,1,nan
SPBP2_2025-07-13,SPBP2,2025-07-13,9.6,,49,48,7,2,nan
SW1_2025-07-13,SW1,2025-07-13,66.3,,49,48,32,10,nan
SYL1_2025-07-13,SYL1,2025-07-13,72.7,,49,48,38,3,nan
SYNL1_2025-07-13,SYNL1,2025-07-13,95.9,,49,48,40,9,nan
WP1_2025-07-13,WP1,2025-07-13,3.1,,49,48,3,0,nan
WP2_2025-07-13,WP2,2025-07-13,1.0,,49,48,1,0,nan
WP3_2025-07-13,WP3,2025-07-13,,2419.6,49,47,0,0,nan
WP4_2025-07-13,WP4,2025-07-13,3.1,,49,48,3,0,nan
HO2_2025-07-17,HO2,2025-07-17,103.9,691.0,47,48,40,12,nan
HO3A_2025-07-17,HO3A,2025-07-17,1203.3,,49,48,49,41,nan
HO3_2025-07-17,HO3,2025-07-17,1203.3,,49,48,49,41,nan
WP1_2025-07-17,WP1,2025-07-17,240.0,,49,48,47,21,nan
WP2_2025-07-17,WP2,2025-07-17,7.2,,49,48,4,3,nan
WP3_2025-07-17,WP3,2025-07-17,11.9,,49,48,8,3,nan
WP4_2025-07-17,WP4,2025-07-17,7.3,,49,48,5,2,nan
ABM4_2025-07-20,ABM4,2025-07-20,64.0,,49,48,30,12,nan
AC1_2025-07-20,AC1,2025-07-20,78.8,691.0,47,48,34,13,2G
AC2_2025-07-20,AC2,2025-07-20,2419.6,,49,48,49,48,nan
AC3_2025-07-20,AC3,2025-07-20,980.4,,49,48,49,38,nan
AC4_2025-07-20,AC4,2025-07-20,686.7,,49,48,49,32,nan
AC5_2025-07-20,AC5,2025-07-20,8.6,,49,48,8,0,nan
AC6_2025-07-20,AC6,2025-07-20,101.4,,49,48,41,9,nan
APL1_2025-07-20,APL1,2025-07-20,8.3,1011.2,48,48,4,4,G
ATL1_2025-07-20,ATL1,2025-07-20,4.1,2419.6,49,47,2,2,J
AX1_2025-07-20,AX1,2025-07-20,23.5,,49,48,15,5,nan
AX2_2025-07-20,AX2,2025-07-20,59.1,,49,48,32,6,nan
BB1_2025-07-20,BB1,2025-07-20,43.5,,49,48,27,4,nan
BD1A_2025-07-20,BD1A,2025-07-20,72.4,2419.6,49,47,31,15,J
BD4_2025-07-20,BD4,2025-07-20,157.6,,49,48,45,15,nan
BD5_2025-07-20,BD5,2025-07-20,201.1,1011.2,48,48,42,33,G
BRL1_2025-07-20,BRL1,2025-07-20,1.0,2419.6,49,47,1,0,J
CB2_2025-07-20,CB2,2025-07-20,18.7,,49,48,9,8,nan
CB3_2025-07-20,CB3,2025-07-20,7.5,,49,48,7,0,nan
CL2_2025-07-20,CL2,2025-07-20,12.7,,49,48,6,6,nan
CL4_2025-07-20,CL4,2025-07-20,24.1,,49,48,17,3,nan
CL5_2025-07-20,CL5,2025-07-20,3.0,,49,48,2,1,nan
COL1_2025-07-20,COL1,2025-07-20,182.3,,49,48,43,26,nan
CTL1_2025-07-20,CTL1,2025-07-20,42.8,,49,48,26,5,nan
CVL1_2025-07-20,CVL1,2025-07-20,12.0,1011.2,48,48,9,2,G
DB1_2025-07-20,DB1,2025-07-20,547.5,,49,48,49,28,nan
DE1_2025-07-20,DE1,2025-07-20,57.1,,49,48,23,19,nan
DS21-1_2025-07-20,DS21-1,2025-07-20,2.0,,49,48,2,0,nan
ETL1_2025-07-20,ETL1,2025-07-20,5.2,,49,48,4,1,nan
FC1_2025-07-20,FC1,2025-07-20,37.9,2419.6,49,47,14,18,BJ
GMP1_2025-07-20,GMP1,2025-07-20,866.4,,49,48,49,36,B
GRPL1_2025-07-20,GRPL1,2025-07-20,16.1,1011.2,48,48,14,0,G
HA1_2025-07-20,HA1,2025-07-20,39.7,,49,48,23,7,nan
HB3_2025-07-20,HB3,2025-07-20,27.5,960.6,48,47,16,7,"g,j"
HL2_2025-07-20,HL2,2025-07-20,1.0,1011.2,48,48,1,0,BG
HO2_2025-07-20,HO2,2025-07-20,461.1,,49,48,49,25,nan
HO3_2025-07-20,HO3,2025-07-20,224.7,,49,48,49,12,nan
JC5_2025-07-20,JC5,2025-07-20,106.7,,49,48,40,13,nan
JC6_2025-07-20,JC6,2025-07-20,93.4,,49,48,37,14,nan
LSC1_2025-07-20,LSC1,2025-07-20,195.1,,49,48,45,22,nan
MB3_2025-07-20,MB3,2025-07-20,178.0,,49,48,45,19,nan
MDWL1_2025-07-20,MDWL1,2025-07-20,9.8,960.6,48,47,9,0,g
MO1_2025-07-20,MO1,2025-07-20,26.6,,49,48,13,10,nan
MR1_2025-07-20,MR1,2025-07-20,1299.7,,49,48,49,42,nan
MR4_2025-07-20,MR4,2025-07-20,2419.6,,49,48,49,48,nan
MRC_2025-07-20,MRC,2025-07-20,133.6,,49,48,42,17,nan
PL1_2025-07-20,PL1,2025-07-20,44.3,,49,48,26,6,nan
PMRL1_2025-07-20,PMRL1,2025-07-20,4.1,517.2,49,27,4,0,nan
PP1_2025-07-20,PP1,2025-07-20,26.9,,49,48,18,4,nan
PRP1_2025-07-20,PRP1,2025-07-20,42.0,1986.3,49,46,27,3,nan
RB1_2025-07-20,RB1,2025-07-20,387.3,,49,48,49,22,nan
RBA_2025-07-20,RBA,2025-07-20,1986.3,,49,48,49,46,nan
RO1a_2025-07-20,RO1a,2025-07-20,1732.9,,49,48,49,45,nan
ROL1_2025-07-20,ROL1,2025-07-20,2.0,,49,48,2,0,B
SB2_2025-07-20,SB2,2025-07-20,593.8,,49,48,47,44,nan
SB5_2025-07-20,SB5,2025-07-20,64.0,,49,48,30,12,nan
SB9_2025-07-20,SB9,2025-07-20,2419.6,,49,48,49,48,b
SBA_2025-07-20,SBA,2025-07-20,70.8,1011.2,48,48,34,9,G
SC6_2025-07-20,SC6,2025-07-20,1.0,691.0,47,48,1,0,2G
SPBP1_2025-07-20,SPBP1,2025-07-20,5.2,,49,48,4,1,nan
SPBP2_2025-07-20,SPBP2,2025-07-20,9.7,1011.2,48,48,8,1,g
SW1_2025-07-20,SW1,2025-07-20,139.1,,49,48,43,16,nan
SYL1_2025-07-20,SYL1,2025-07-20,13.2,,49,48,10,2,nan
SYNL1_2025-07-20,SYNL1,2025-07-20,125.4,691.0,47,48,41,17,2G
WP1_2025-07-20,WP1,2025-07-20,95.9,,49,48,40,9,nan
WP2_2025-07-20,WP2,2025-07-20,3.1,,49,48,3,0,nan
WP3_2025-07-20,WP3,2025-07-20,23.3,,49,48,19,0,nan
WP4_2025-07-20,WP4,2025-07-20,1.0,,49,48,1,0,nan
ABM4_2025-07-27,ABM4,2025-07-27,1553.1,,49,48,49,44,nan
AC1_2025-07-27,AC1,2025-07-27,2419.6,,49,48,49,48,nan
AC5_2025-07-27,AC5,2025-07-27,33.6,,49,48,22,4,nan
APL1_2025-07-27,APL1,2025-07-27,12.0,,49,48,9,2,nan
ATL1_2025-07-27,ATL1,2025-07-27,13.2,2419.6,49,47,10,2,nan
AX1_2025-07-27,AX1,2025-07-27,95.8,,49,48,36,17,b
BB1_2025-07-27,BB1,2025-07-27,378.4,,49,48,48,27,nan
BD1a_2025-07-27,BD1a,2025-07-27,160.7,,49,48,47,10,nan
BD4_2025-07-27,BD4,2025-07-27,365.4,,49,48,49,21,b
BRL1_2025-07-27,BRL1,2025-07-27,2.0,,49,48,2,0,nan
CB2_2025-07-27,CB2,2025-07-27,770.1,,49,48,49,34,nan
CB3_2025-07-27,CB3,2025-07-27,67.6,,49,48,33,9,nan
CL4_2025-07-27,CL4,2025-07-27,125.4,,49,48,41,17,nan
CL5_2025-07-27,CL5,2025-07-27,32.3,,49,48,22,3,nan
COL1_2025-07-27,COL1,2025-07-27,2419.6,,49,48,49,48,b
CTL1_2025-07-27,CTL1,2025-07-27,727.0,,49,48,49,33,b
CVL1_2025-07-27,CVL1,2025-07-27,7.3,,49,48,5,2,b
DB1_2025-07-27,DB1,2025-07-27,142.1,,49,48,46,9,nan
DE1_2025-07-27,DE1,2025-07-27,123.4,,49,48,42,14,nan
DS21-1_2025-07-27,DS21-1,2025-07-27,,1046.2,49,39,0,0,nan
ETL1_2025-07-27,ETL1,2025-07-27,122.3,,49,48,44,9,nan
FC1_2025-07-27,FC1,2025-07-27,68.7,,49,48,31,13,nan
GRPL1_2025-07-27,GRPL1,2025-07-27,436.0,1011.2,48,48,48,30,g
HA1_2025-07-27,HA1,2025-07-27,2.0,2419.6,49,47,0,2,nan
HB3_2025-07-27,HB3,2025-07-27,517.2,,49,48,49,27,nan
HL2_2025-07-27,HL2,2025-07-27,1986.3,,49,48,49,46,nan
HO2_2025-07-27,HO2,2025-07-27,2419.6,,49,48,49,47,c
HO3_2025-07-27,HO3,2025-07-27,2419.6,,49,48,49,47,c
JC5_2025-07-27,JC5,2025-07-27,167.0,,49,48,46,14,nan
JC6_2025-07-27,JC6,2025-07-27,648.8,,49,48,49,31,nan
LSC1_2025-07-27,LSC1,2025-07-27,2419.6,,49,48,49,48,nan
MB3_2025-07-27,MB3,2025-07-27,579.4,,49,48,49,29,nan
MDWL1_2025-07-27,MDWL1,2025-07-27,38.9,,49,48,27,1,nan
MR2_2025-07-27,MR2,2025-07-27,85.0,,49,48,34,16,nan
MR4_2025-07-27,MR4,2025-07-27,1986.3,,49,48,49,46,nan
MRCL1_2025-07-27,MRCL1,2025-07-27,28.1,2419.6,49,47,18,5,nan
PL1_2025-07-27,PL1,2025-07-27,45.0,,49,48,27,5,nan
PMRL1_2025-07-27,PMRL1,2025-07-27,28.5,,49,48,19,4,nan
PNVL1_2025-07-27,PNVL1,2025-07-27,2.0,1011.2,48,48,1,1,g
PP1_2025-07-27,PP1,2025-07-27,74.3,,49,48,35,9,nan
RBA_2025-07-27,RBA,2025-07-27,517.2,,49,48,49,27,nan
RK1_2025-07-27,RK1,2025-07-27,2419.6,,49,48,49,48,nan
RO1a_2025-07-27,RO1a,2025-07-27,456.9,1011.2,48,48,48,31,c
ROL1_2025-07-27,ROL1,2025-07-27,21.1,1011.2,48,48,15,3,"c, g"
SB2_2025-07-27,SB2,2025-07-27,601.5,,49,48,48,37,c
SPBP1_2025-07-27,SPBP1,2025-07-27,601.5,,49,48,48,37,c
SPBP2_2025-07-27,SPBP2,2025-07-27,,,49,48,0,0,c
SW1_2025-07-27,SW1,2025-07-27,123.4,1011.2,48,48,42,14,"b, c, g"
SYL1_2025-07-27,SYL1,2025-07-27,14.5,,49,48,11,2,c
SYNL1_2025-07-27,SYNL1,2025-07-27,686.7,,49,48,49,32,c
WP1_2025-07-27,WP1,2025-07-27,131.4,,49,48,45,9,c
WP2_2025-07-27,WP2,2025-07-27,10.8,1011.2,48,48,8,2,"c, g"
WP3_2025-07-27,WP3,2025-07-27,6.2,2419.6,49,47,4,2,"c, j"
WP4_2025-07-27,WP4,2025-07-27,21.3,,49,48,16,2,c
HO2_2025-07-29,HO2,2025-07-29,1203.3,,49,48,49,41,nan
HO3_2025-07-29,HO3,2025-07-29,770.1,,49,48,49,34,nan
WP1_2025-07-29,WP1,2025-07-29,43.7,533.5,46,48,25,7,nan
WP2_2025-07-29,WP2,2025-07-29,72.3,516.3,46,47,35,8,nan
WP3_2025-07-29,WP3,2025-07-29,4.1,,49,48,3,1,nan
WP4_2025-07-29,WP4,2025-07-29,15.3,691.0,47,48,9,5,nan
ABM4_2025-08-03,ABM4,2025-08-03,75.4,,49,48,37,6,nan
AC1_2025-08-03,AC1,2025-08-03,2419.6,,49,48,49,48,J
AC5_2025-08-03,AC5,2025-08-03,22.3,,49,48,15,4,nan
APL1_2025-08-03,APL1,2025-08-03,1.0,2419.6,49,47,0,1,nan
ATL1_2025-08-03,ATL1,2025-08-03,52.8,,49,48,29,7,nan
AX1_2025-08-03,AX1,2025-08-03,10.4,,49,48,4,6,nan
BB1_2025-08-03,BB1,2025-08-03,35.9,,49,48,24,3,nan
BD1A_2025-08-03,BD1A,2025-08-03,73.3,,49,48,37,5,nan
BD4_2025-08-03,BD4,2025-08-03,156.5,,49,48,46,12,nan
BRL1_2025-08-03,BRL1,2025-08-03,16.9,1011.2,48,48,12,3,G
CB2_2025-08-03,CB2,2025-08-03,26.0,1011.2,48,48,11,12,nan
CB3_2025-08-03,CB3,2025-08-03,32.0,,49,48,18,8,nan
CL2_2025-08-03,CL2,2025-08-03,122.2,,49,48,41,16,nan
CL4_2025-08-03,CL4,2025-08-03,66.9,,49,48,31,12,nan
CL5_2025-08-03,CL5,2025-08-03,,,49,48,0,0,nan
COL1_2025-08-03,COL1,2025-08-03,26.6,,49,48,17,5,nan
CTL1_2025-08-03,CTL1,2025-08-03,28.7,,49,48,16,8,nan
CVL1_2025-08-03,CVL1,2025-08-03,8.5,,49,48,7,1,nan
DB1_2025-08-03,DB1,2025-08-03,22.6,,49,48,16,3,nan
DBA_2025-08-03,DBA,2025-08-03,4.1,1986.3,49,46,4,0,nan
DE1_2025-08-03,DE1,2025-08-03,60.9,,49,48,32,7,nan
DS21-1_2025-08-03,DS21-1,2025-08-03,,,49,48,0,0,nan
ETL1_2025-08-03,ETL1,2025-08-03,4.1,,49,48,3,1,nan
FC1_2025-08-03,FC1,2025-08-03,43.7,2419.6,49,47,25,7,J2
GMP1_2025-08-03,GMP1,2025-08-03,25.3,1732.9,49,45,17,4,3J
GRPL1_2025-08-03,GRPL1,2025-08-03,3.1,913.9,48,46,3,0,G
HA1_2025-08-03,HA1,2025-08-03,15.5,665.3,47,47,10,4,2G
HB3_2025-08-03,HB3,2025-08-03,285.1,,49,48,48,21,nan
HL2_2025-08-03,HL2,2025-08-03,23.3,1011.2,48,48,19,0,G
HO1_2025-08-03,HO1,2025-08-03,20.2,,49,48,11,7,nan
HO2_2025-08-03,HO2,2025-08-03,387.3,,49,48,49,22,nan
HO3_2025-08-03,HO3,2025-08-03,152.9,,49,48,45,14,nan
JC5_2025-08-03,JC5,2025-08-03,3.0,,49,48,2,1,nan
JC6_2025-08-03,JC6,2025-08-03,461.1,,49,48,49,25,nan
LSC1_2025-08-03,LSC1,2025-08-03,110.2,,49,48,36,23,nan
MB3_2025-08-03,MB3,2025-08-03,37.3,,49,48,24,4,G
MDWL1_2025-08-03,MDWL1,2025-08-03,51.2,,49,48,31,3,nan
MR2_2025-08-03,MR2,2025-08-03,110.0,,49,48,41,12,nan
MR3_2025-08-03,MR3,2025-08-03,14.4,,49,48,10,3,nan
MRCL1_2025-08-03,MRCL1,2025-08-03,36.8,,49,48,20,9,nan
PL1_2025-08-03,PL1,2025-08-03,172.3,,49,48,47,12,G
PMRL1_2025-08-03,PMRL1,2025-08-03,2.0,866.4,49,36,2,0,nan
PNVL1_2025-08-03,PNVL1,2025-08-03,21.4,,49,48,11,8,nan
PP1_2025-08-03,PP1,2025-08-03,3.1,,49,48,3,0,nan
PRP1_2025-08-03,PRP1,2025-08-03,21.8,,49,48,13,6,nan
RBA_2025-08-03,RBA,2025-08-03,26.9,,49,48,18,4,nan
RK1_2025-08-03,RK1,2025-08-03,21.6,913.9,48,46,17,1,nan
RO1A_2025-08-03,RO1A,2025-08-03,55.4,,49,48,30,7,nan
ROL1_2025-08-03,ROL1,2025-08-03,,,49,48,0,0,nan
SB1_2025-08-03,SB1,2025-08-03,13.9,,49,48,7,6,nan
SB2_2025-08-03,SB2,2025-08-03,27.5,2419.6,49,47,20,2,nan
SB9_2025-08-03,SB9,2025-08-03,22.6,,49,48,16,3,nan
SHA_2025-08-03,SHA,2025-08-03,1.0,,49,48,1,0,nan
SPBP1_2025-08-03,SPBP1,2025-08-03,,,49,48,0,0,nan
SPBP2_2025-08-03,SPBP2,2025-08-03,,,49,48,0,0,nan
SW1_2025-08-03,SW1,2025-08-03,58.3,,49,48,33,4,nan
SYL1_2025-08-03,SYL1,2025-08-03,52.0,,49,48,24,14,nan
SYNL1_2025-08-03,SYNL1,2025-08-03,225.4,,49,48,46,23,nan
WP1_2025-08-03,WP1,2025-08-03,10.9,,49,48,9,1,nan
WP2_2025-08-03,WP2,2025-08-03,,,49,48,0,0,nan
WP3_2025-08-03,WP3,2025-08-03,,691.0,47,48,0,0,2G
WP4_2025-08-03,WP4,2025-08-03,,,49,48,0,0,nan
HO2_2025-08-07,HO2,2025-08-07,124.6,1011.2,48,48,43,12,nan
HO3_2025-08-07,HO3,2025-08-07,579.4,,49,48,49,29,nan
WP1_2025-08-07,WP1,2025-08-07,101.7,,49,48,42,7,nan
WP2_2025-08-07,WP2,2025-08-07,4.1,1413.6,49,43,4,0,nan
WP3_2025-08-07,WP3,2025-08-07,9.7,,49,48,8,1,nan
WP4_2025-08-07,WP4,2025-08-07,9.8,,49,48,9,0,nan
